features,feat_dim,runs,mean_loss,std_loss,mean_val_r2,std_val_r2,mean_rank,std_rank,wall_time_s
original (8),8,3,1257.7628784179688,357.57418589090594,-153.68634033203125,17.744923577244297,0.10666666666666667,0.004714045207910314,95.69
enriched (10),10,3,1521.340576171875,61.839227185326145,-149.18731180826822,7.051155130131936,0.10333333333333333,0.004714045207910314,95.0
