features,feat_dim,runs,mean_loss,std_loss,mean_val_r2,std_val_r2,mean_rank,std_rank,wall_time_s
original (8),8,3,1076.0777384440105,444.4203561170732,-140.18868509928384,28.11344108857368,0.10333333333333335,0.004714045207910314,87.63
enriched (10),10,3,1268.6942545572917,167.60532803625043,-156.35407511393228,17.004681266154158,0.11,0.0,91.12
